S No,श्लोक संख्या ,श्लोक:,उपमेयम्,उपमानम्,उपमा वाचकः,साधारणधर्म: 
1,2-2,"तस्याः खुरन्यासपवित्रपुंसुमपांसुलानां धुरि कीर्तनीया ।
मार्गं मनुष्येश्वरधर्मपत्नी श्रुतेरिवार्थं स्मृतिरन्वगच्छत् ॥",Sudakshina following cow,Smritis following Shrutis,इव,follow
2,2-3,"निवर्त्य राजा दयितां दयालुस्तां सौरभेयीं सुरभिर्यशोभिः ।
पयोधरीभूतचतुःसमुद्रां जुगोप गोरूपधरामिवोर्वीम् ॥","1.raja protecting cow
2.cow having udders","1.raja protecting earth
2.earth having 4 oceans",इव,"1.protecting
2.having"
3,2-6,"स्थितः स्थितामुञ्चलितः प्रयातां निषेदुषीमासनबन्धधीरः ।
जलाभिलाषी जलमाददानां छायेव तां भूपतिरन्वगच्छत् ॥",Dilipa following cow,shadow following object,इव,follow
4,2-7,"स न्यस्तचिह्नामपि राजलक्ष्मीं तेजोविशेषानुमितां तधानः ।
आसीदनाविष्कृतदानराजिरन्तर्मदावस्थ इव द्विपेन्द्रः ॥","Dilipa's outer ornaments were not kingly
his inner splendor is seen","Elephants rut fluid is not visible
inner rut is seen",इव,possession of splendor
5,2-8,"लताप्रतानोद्ग्रथितैः स कैशैरधिज्यधन्वा विचचार दावम् ।
रक्षापदेशान्मुनिहोमधेनोर्वन्यान्विनेष्यन्निव दुष्टसत्त्वान् ॥","Dilipa in forest to 
protect cows","Dilipa in forest to discipline
wild beasts",इव,Dilipa in forest
6,2-9,"विसृष्टपार्श्वानुचरस्य तस्य पार्श्वद्रुमाः पाशभृता समस्य ।
उदीरयामासुरिवोन्मदानामालोकशब्दं वयसां विरावैः ॥","1. Dilipa
2. birds chirping","1. Varuna
2. shout of the word ""look"" 
to tell his presence",इव,"1. majesty
2. sound"
7,2-10,"मरुत्प्रयुक्ताश्च मरुत्सखाभं तमर्च्यमारादभिवर्तमानम् ।
अवाकिरन्बाललताः प्रसूनैराचारलाजैरिव पौरकन्याः ॥",creepers putting flower on Dilipa,"city maidens putting 
grains on revered person",इव,putting
8,2-11,"धनुर्भृतोऽप्यस्य दयार्द्रभावमाख्यातमन्तःकरणैर्विशङ्कैः ।
विलोकयन्त्यो वपुरापुरक्ष्णां प्रकामविस्तारफलं हरिण्यः ॥",,,,compassionate nature
9,2-16,"तां देवतापित्रतिथिक्रियार्थामन्वग्ययौ मध्यमलोकपालः ।
बभौ च सा मतेन सतां तेन श्रद्धेव साक्षाद्विधिनोपपन्ना ॥",Nandini and Dilipa,faith personified with ritual,इव,accompany
10,2-19,"वसिष्ठधेनोरनुयायिनं तमावर्तमानं वनिता वनान्तात् ।
पपौ निमेषालसपक्ष्मपङ्क्तिरुपोषिताभ्यामिव लोचनाभ्याम् ॥",eyes of sudakshina waiting,eyes that had done a fasting,इव,eyes of Sudakshina 
11,2-20,"पुरस्कृता वर्त्मनि पार्थिवेन प्रत्युद्गता पार्थिवधर्मपत्न्या ।
तदन्तरे सा विरराज धेनुर्दिनक्षपामध्यगतेव संध्या ॥",cow inbetween Dilipa and Sudakshina,twilight inbetween day and night,इव,presence of object
12,2-21,"प्रदक्षिणीकृत्य पयस्विनीं तां सुदक्षिणा साक्षतपात्रहस्ता ।
प्रणम्य चानर्च विशालमस्याः श्रृङ्गान्तरं द्वारमिवार्थसिद्धेः ॥",horns of the cow ,gateway to fulfillment of desire,इव,gap of horns
13,2-28,"तदीयमाक्रन्दितमार्तसाधोर्गुहानिबद्धप्रतिशब्ददीर्घम् ।
रश्मिष्ववादाय नगेन्द्रसक्तां निवर्तयामास नृपस्य दृष्टिम् ॥",Dilipa seeing the afflicted cow,seizing the sight by reins,इव,turn and bring sight to control
14,2-29,"स पाटलायां गवि तस्थिवांसं धनुर्धरः केसरिणं ददर्श ।
अधित्यकायामिव धातुमय्यां लोध्रद्रुमं सानुमतः प्रफुल्लम् ॥",lion on the cow,"lodhra tree on mineral rich 
plateau of mountain",इव,standing
15,2-31,"वामेतरस्तस्य करः प्रहर्तुर्नखप्रभाभूषितकङ्कपत्रे ।
सक्ताङ्गुलिः सायकपुङ्ख एव चित्रार्पितारम्भ इवावतस्थे ॥",Dilipa not able to move,Dilipa on painting,इव,got struck
16,2-32,"बाहुप्रतिष्टम्भविवृद्धमन्युरभ्यर्णमागस्कृतमस्पृशद्भिः ।
राजा स्वतेजोभिरदह्यतान्तर्भोगीव मन्त्त्रौषधिरुद्धवीर्यः ॥",kings paralysis of arms,Venomous power is restrained by spells,इव,king's angry is increasing on power restraint
17,2-34,"अलं महीपाल! तव श्रमेण प्रयुक्तमप्यस्त्रमितो वृथा स्यात् ।
न पादणेन्मूलनशक्ति रंहः शिलोञ्चये मूर्च्छति मारुतस्य ॥","weapon of Dilipa in 
vain against lion","force of wind against
heap of rocks",,
18,2-35,"कैलासगौरं वृषमारुरुक्षोः पादार्पणानुग्रहपूतपृष्ठम् ।
अवेहि मां किंकरमष्टमूर्तेः कुम्भोदरं नाम निकुम्भमित्रम् ॥",complexion of kumbhodhara,as fair as kailasa,इव,
19,2-36,"अमुं पुरः पश्यसि देवदारुं पुत्रीकृतोऽसौ वृषभध्वजेन ।
यो हेमकुम्भस्तननिःसृतानां स्कन्दस्य मातुः पयसां रसज्ञः ॥",bosoms of Parvati devi,golden pitcher,इव,
20,2-37,"कण्डूयमानेन कटं कदाचिद्वन्यद्विपेनोन्मथिता त्वगस्य ।
अथैनमद्रेस्तनया शुशोच सेनान्यमालीढमिवासुरास्त्त्रैः ॥","Parvati devi's grief for the tree, when its 
bark got rubbed of by a wild elephant","Parvati devi's grief, when Skanda was
injured by the astras of asuras",इव,"Parvati devi regarded the tree (devadaru) like
her own son"
21,2-39,"तस्यालमेषा क्षुधितस्य तृप्त्यै प्रदिष्टकाला परमेश्वरेण ।
उपस्थिता शोणितपारणा मे सुरद्विषश्चान्द्रमसी सुधेव ॥","Nandini walked into the hungry jaws of the
lion","Nectar of the moon presents itself 
to Rahu (during lunar eclipse)",इव,"how nandini (cow) was viewed as a prey by the
lion"
22,2-40,"प्रत्यब्रवीञ्चैनमिषुप्रयोगे तत्पूर्वभङ्गे वितथप्रयत्नः ।
जडीकृतस्त्त्र्यम्बकवीक्षणेन वज्रं मुमुक्षन्निव वज्रपाणिः ॥","The king's effort in using the arrow was futile 
due to its unprecedented failure (his arms 
were paralysed, 2-32)","Indra wishing to release his thunderbolt 
but paralyzed by the gaze of Shiva.",इव,"Paralysis of arms when king is trying to release 
the arrow"
23,,,,,,
24,,,,,,
25,,,,,,
26,,,,,,
